,time,rate
0,21:16:48,4.16463
1,21:16:52,4.16463
2,21:16:52,4.16463
